USERS FILE, 2020-04-27 14:48:21.524
USERS FILE, 2020-04-27 14:48:23.952
USERS FILE, 2020-04-27 14:48:23.952
USERS FILE, 2020-04-27 14:48:26.442
USERS FILE, 2020-04-27 14:48:26.442
USERS FILE, 2020-04-27 14:48:43.41
USERS FILE, 2020-04-27 14:48:43.41
USERS FILE, 2020-04-27 18:46:52.005
EVENTS FILE, 2020-04-27 18:46:52.047
EVENTS FILE, 2020-04-27 18:46:52.048
COMPANIES FILE, 2020-04-27 18:46:52.063
COMPANIES FILE, 2020-04-27 18:46:52.064
USERS FILE, 2020-04-27 19:14:55.838
EVENTS FILE, 2020-04-27 19:14:55.875
EVENTS FILE, 2020-04-27 19:14:55.876
COMPANIES FILE, 2020-04-27 19:14:55.888
COMPANIES FILE, 2020-04-27 19:14:55.89
LOCATIONS FILE, 2020-04-27 19:14:55.901
LOCATIONS FILE, 2020-04-27 19:14:55.902
USERS FILE, 2020-04-27 19:15:23.194
EVENTS FILE, 2020-04-27 19:15:23.245
EVENTS FILE, 2020-04-27 19:15:23.246
COMPANIES FILE, 2020-04-27 19:15:23.263
COMPANIES FILE, 2020-04-27 19:15:23.263
LOCATIONS FILE, 2020-04-27 19:15:23.279
LOCATIONS FILE, 2020-04-27 19:15:23.279
USERS FILE, 2020-04-27 19:16:58.073
USERS FILE, 2020-04-27 19:17:45.366
EVENTS FILE, 2020-04-27 19:17:45.407
EVENTS FILE, 2020-04-27 19:17:45.407
COMPANIES FILE, 2020-04-27 19:17:45.417
COMPANIES FILE, 2020-04-27 19:17:45.418
LOCATIONS FILE, 2020-04-27 19:17:45.429
LOCATIONS FILE, 2020-04-27 19:17:45.429
USERS FILE, 2020-04-27 19:19:01.499
USERS FILE, 2020-04-27 19:19:01.499
EVENTS FILE, 2020-04-27 19:19:01.537
EVENTS FILE, 2020-04-27 19:19:01.537
COMPANIES FILE, 2020-04-27 19:19:01.55
COMPANIES FILE, 2020-04-27 19:19:01.55
LOCATIONS FILE, 2020-04-27 19:19:01.563
LOCATIONS FILE, 2020-04-27 19:19:01.563
USERS FILE, 2020-04-27 19:19:47.342
USERS FILE, 2020-04-27 19:19:47.342
EVENTS FILE, 2020-04-27 19:19:47.38
EVENTS FILE, 2020-04-27 19:19:47.38
COMPANIES FILE, 2020-04-27 19:19:47.391
COMPANIES FILE, 2020-04-27 19:19:47.391
LOCATIONS FILE, 2020-04-27 19:19:47.404
LOCATIONS FILE, 2020-04-27 19:19:47.404
